{
  "project_info": {
    "project_number": "274270122217",
    "project_id": "flowers-8232f",
    "storage_bucket": "flowers-8232f.appspot.com"
  },
  "client": [
    {
      "client_info": {
        "mobilesdk_app_id": "1:274270122217:android:469602970d8ba02ae7c078",
        "android_client_info": {
          "package_name": "com.mkajdan.flowers"
        }
      },
      "oauth_client": [],
      "api_key": [
        {
          "current_key": "AIzaSyABQFE-ZqiIlTTbkjDou2iyocW9lO6PqW0"
        }
      ],
      "services": {
        "appinvite_service": {
          "other_platform_oauth_client": []
        }
      }
    },
    {
      "client_info": {
        "mobilesdk_app_id": "1:274270122217:android:303e3e60f196bc46e7c078",
        "android_client_info": {
          "package_name": "com.mkajdan.herbarium"
        }
      },
      "oauth_client": [],
      "api_key": [
        {
          "current_key": "AIzaSyABQFE-ZqiIlTTbkjDou2iyocW9lO6PqW0"
        }
      ],
      "services": {
        "appinvite_service": {
          "other_platform_oauth_client": []
        }
      }
    }
  ],
  "configuration_version": "1"
}